<annotation>
	<folder>berk</folder>
	<filename>IMG-20200827-WA0251.jpg</filename>
	<path>C:/Users/pc/Desktop/berk/IMG-20200827-WA0251.jpg</path>
	<source>
		<database>Unknown</database>
	</source>
	<size>
		<width>300</width>
		<height>300</height>
		<depth>3</depth>
	</size>
	<segmented>0</segmented>
	<object>
		<name>circle</name>
		<pose>Unspecified</pose>
		<truncated>0</truncated>
		<difficult>0</difficult>
		<bndbox>
			<xmin>19</xmin>
			<ymin>10</ymin>
			<xmax>262</xmax>
			<ymax>163</ymax>
		</bndbox>
	</object>
</annotation>
